{
  "r2": 0.916501218302226,
  "rmse": 1.398631873902442,
  "mse": 1.956171118695856
}