{"rmse":124.3831641194,"r2":0.9096788974}